path;show;season;episode;tmdb_title;tmdb_year;tmdb_id
Простоквашино/Простоквашино (сериал)/100.mp4;Простоквашино;1;100;Простоквашино;2018;86764
Простоквашино/Простоквашино (сериал)/12.mp4;Простоквашино;1;12;Простоквашино;2018;86764
Простоквашино/Простоквашино (сериал)/11.mp4;Простоквашино;1;11;Простоквашино;2018;86764
Простоквашино/Простоквашино (сериал)/10.mp4;Простоквашино;1;10;Простоквашино;2018;86764
Простоквашино/Простоквашино (сериал)/14.mp4;Простоквашино;1;14;Простоквашино;2018;86764
Простоквашино/Простоквашино (сериал)/13.mp4;Простоквашино;1;13;Простоквашино;2018;86764
Простоквашино/Простоквашино (сериал)/15.mp4;Простоквашино;1;15;Простоквашино;2018;86764
Простоквашино/Простоквашино (сериал)/17.mp4;Простоквашино;1;17;Простоквашино;2018;86764
Простоквашино/Простоквашино (сериал)/1.mp4;Простоквашино;1;1;Простоквашино;2018;86764
Простоквашино/Простоквашино (сериал)/20.mp4;Простоквашино;1;20;Простоквашино;2018;86764
Простоквашино/Простоквашино (сериал)/21.mp4;Простоквашино;1;21;Простоквашино;2018;86764
Простоквашино/Простоквашино (сериал)/22.mp4;Простоквашино;1;22;Простоквашино;2018;86764
Простоквашино/Простоквашино (сериал)/23.mp4;Простоквашино;1;23;Простоквашино;2018;86764
Простоквашино/Простоквашино (сериал)/16.mp4;Простоквашино;1;16;Простоквашино;2018;86764
Простоквашино/Простоквашино (сериал)/29.mp4;Простоквашино;1;29;Простоквашино;2018;86764
Простоквашино/Простоквашино (сериал)/2.mp4;Простоквашино;1;2;Простоквашино;2018;86764
Простоквашино/Простоквашино (сериал)/18.mp4;Простоквашино;1;18;Простоквашино;2018;86764
Простоквашино/Простоквашино (сериал)/24.mp4;Простоквашино;1;24;Простоквашино;2018;86764
Простоквашино/Простоквашино (сериал)/19.mp4;Простоквашино;1;19;Простоквашино;2018;86764
Простоквашино/Простоквашино (сериал)/31.mp4;Простоквашино;1;31;Простоквашино;2018;86764
Простоквашино/Простоквашино (сериал)/27.mp4;Простоквашино;1;27;Простоквашино;2018;86764
Простоквашино/Простоквашино (сериал)/30.mp4;Простоквашино;1;30;Простоквашино;2018;86764
Простоквашино/Простоквашино (сериал)/26.mp4;Простоквашино;1;26;Простоквашино;2018;86764
Простоквашино/Простоквашино (сериал)/32.mp4;Простоквашино;1;32;Простоквашино;2018;86764
Простоквашино/Простоквашино (сериал)/25.mp4;Простоквашино;1;25;Простоквашино;2018;86764
Простоквашино/Простоквашино (сериал)/33.mp4;Простоквашино;1;33;Простоквашино;2018;86764
Простоквашино/Простоквашино (сериал)/34.mp4;Простоквашино;1;34;Простоквашино;2018;86764
Простоквашино/Простоквашино (сериал)/35.mp4;Простоквашино;1;35;Простоквашино;2018;86764
Простоквашино/Простоквашино (сериал)/36.mp4;Простоквашино;1;36;Простоквашино;2018;86764
Простоквашино/Простоквашино (сериал)/37.mp4;Простоквашино;1;37;Простоквашино;2018;86764
Простоквашино/Простоквашино (сериал)/28.mp4;Простоквашино;1;28;Простоквашино;2018;86764
Простоквашино/Простоквашино (сериал)/38.mp4;Простоквашино;1;38;Простоквашино;2018;86764
Простоквашино/Простоквашино (сериал)/39.mp4;Простоквашино;1;39;Простоквашино;2018;86764
Простоквашино/Простоквашино (сериал)/3.mp4;Простоквашино;1;3;Простоквашино;2018;86764
Простоквашино/Простоквашино (сериал)/40.mp4;Простоквашино;1;40;Простоквашино;2018;86764
Простоквашино/Простоквашино (сериал)/42.mp4;Простоквашино;1;42;Простоквашино;2018;86764
Простоквашино/Простоквашино (сериал)/41.mp4;Простоквашино;1;41;Простоквашино;2018;86764
Простоквашино/Простоквашино (сериал)/43.mp4;Простоквашино;1;43;Простоквашино;2018;86764
Простоквашино/Простоквашино (сериал)/44.mp4;Простоквашино;1;44;Простоквашино;2018;86764
Простоквашино/Простоквашино (сериал)/45.mp4;Простоквашино;1;45;Простоквашино;2018;86764
Простоквашино/Простоквашино (сериал)/47.mp4;Простоквашино;1;47;Простоквашино;2018;86764
Простоквашино/Простоквашино (сериал)/46.mp4;Простоквашино;1;46;Простоквашино;2018;86764
Простоквашино/Простоквашино (сериал)/4.mp4;Простоквашино;1;4;Простоквашино;2018;86764
Простоквашино/Простоквашино (сериал)/49.mp4;Простоквашино;1;49;Простоквашино;2018;86764
Простоквашино/Простоквашино (сериал)/48.mp4;Простоквашино;1;48;Простоквашино;2018;86764
Простоквашино/Простоквашино (сериал)/50.mp4;Простоквашино;1;50;Простоквашино;2018;86764
Простоквашино/Простоквашино (сериал)/51.mp4;Простоквашино;1;51;Простоквашино;2018;86764
Простоквашино/Простоквашино (сериал)/52.mp4;Простоквашино;1;52;Простоквашино;2018;86764
Простоквашино/Простоквашино (сериал)/55.mp4;Простоквашино;1;55;Простоквашино;2018;86764
Простоквашино/Простоквашино (сериал)/56.mp4;Простоквашино;1;56;Простоквашино;2018;86764
Простоквашино/Простоквашино (сериал)/58.mp4;Простоквашино;1;58;Простоквашино;2018;86764
Простоквашино/Простоквашино (сериал)/53.mp4;Простоквашино;1;53;Простоквашино;2018;86764
Простоквашино/Простоквашино (сериал)/54.mp4;Простоквашино;1;54;Простоквашино;2018;86764
Простоквашино/Простоквашино (сериал)/57.mp4;Простоквашино;1;57;Простоквашино;2018;86764
Простоквашино/Простоквашино (сериал)/59.mp4;Простоквашино;1;59;Простоквашино;2018;86764
Простоквашино/Простоквашино (сериал)/5.mp4;Простоквашино;1;5;Простоквашино;2018;86764
Простоквашино/Простоквашино (сериал)/61.mp4;Простоквашино;1;61;Простоквашино;2018;86764
Простоквашино/Простоквашино (сериал)/60.mp4;Простоквашино;1;60;Простоквашино;2018;86764
Простоквашино/Простоквашино (сериал)/62.mp4;Простоквашино;1;62;Простоквашино;2018;86764
Простоквашино/Простоквашино (сериал)/63.mp4;Простоквашино;1;63;Простоквашино;2018;86764
Простоквашино/Простоквашино (сериал)/64.mp4;Простоквашино;1;64;Простоквашино;2018;86764
Простоквашино/Простоквашино (сериал)/65.mp4;Простоквашино;1;65;Простоквашино;2018;86764
Простоквашино/Простоквашино (сериал)/66.mp4;Простоквашино;1;66;Простоквашино;2018;86764
Простоквашино/Простоквашино (сериал)/67.mp4;Простоквашино;1;67;Простоквашино;2018;86764
Простоквашино/Простоквашино (сериал)/69.mp4;Простоквашино;1;69;Простоквашино;2018;86764
Простоквашино/Простоквашино (сериал)/6.mp4;Простоквашино;1;6;Простоквашино;2018;86764
Простоквашино/Простоквашино (сериал)/70.mp4;Простоквашино;1;70;Простоквашино;2018;86764
Простоквашино/Простоквашино (сериал)/72.mp4;Простоквашино;1;72;Простоквашино;2018;86764
Простоквашино/Простоквашино (сериал)/74.mp4;Простоквашино;1;74;Простоквашино;2018;86764
Простоквашино/Простоквашино (сериал)/78.mp4;Простоквашино;1;78;Простоквашино;2018;86764
Простоквашино/Простоквашино (сериал)/7.mp4;Простоквашино;1;7;Простоквашино;2018;86764
Простоквашино/Простоквашино (сериал)/68.mp4;Простоквашино;1;68;Простоквашино;2018;86764
Простоквашино/Простоквашино (сериал)/75.mp4;Простоквашино;1;75;Простоквашино;2018;86764
Простоквашино/Простоквашино (сериал)/77.mp4;Простоквашино;1;77;Простоквашино;2018;86764
Простоквашино/Простоквашино (сериал)/73.mp4;Простоквашино;1;73;Простоквашино;2018;86764
Простоквашино/Простоквашино (сериал)/81.mp4;Простоквашино;1;81;Простоквашино;2018;86764
Простоквашино/Простоквашино (сериал)/79.mp4;Простоквашино;1;79;Простоквашино;2018;86764
Простоквашино/Простоквашино (сериал)/76.mp4;Простоквашино;1;76;Простоквашино;2018;86764
Простоквашино/Простоквашино (сериал)/71.mp4;Простоквашино;1;71;Простоквашино;2018;86764
Простоквашино/Простоквашино (сериал)/82.mp4;Простоквашино;1;82;Простоквашино;2018;86764
Простоквашино/Простоквашино (сериал)/83.mp4;Простоквашино;1;83;Простоквашино;2018;86764
Простоквашино/Простоквашино (сериал)/84.mp4;Простоквашино;1;84;Простоквашино;2018;86764
Простоквашино/Простоквашино (сериал)/85.mp4;Простоквашино;1;85;Простоквашино;2018;86764
Простоквашино/Простоквашино (сериал)/86.mp4;Простоквашино;1;86;Простоквашино;2018;86764
Простоквашино/Простоквашино (сериал)/87.mp4;Простоквашино;1;87;Простоквашино;2018;86764
Простоквашино/Простоквашино (сериал)/88.mp4;Простоквашино;1;88;Простоквашино;2018;86764
Простоквашино/Простоквашино (сериал)/89.mp4;Простоквашино;1;89;Простоквашино;2018;86764
Простоквашино/Простоквашино (сериал)/8.mp4;Простоквашино;1;8;Простоквашино;2018;86764
Простоквашино/Простоквашино (сериал)/90.mp4;Простоквашино;1;90;Простоквашино;2018;86764
Простоквашино/Простоквашино (сериал)/91.mp4;Простоквашино;1;91;Простоквашино;2018;86764
Простоквашино/Простоквашино (сериал)/92.mp4;Простоквашино;1;92;Простоквашино;2018;86764
Простоквашино/Простоквашино (сериал)/93.mp4;Простоквашино;1;93;Простоквашино;2018;86764
Простоквашино/Простоквашино (сериал)/94.mp4;Простоквашино;1;94;Простоквашино;2018;86764
Простоквашино/Простоквашино (сериал)/95.mp4;Простоквашино;1;95;Простоквашино;2018;86764
Простоквашино/Простоквашино (сериал)/96.mp4;Простоквашино;1;96;Простоквашино;2018;86764
Простоквашино/Простоквашино (сериал)/9.mp4;Простоквашино;1;9;Простоквашино;2018;86764
Простоквашино/Простоквашино (сериал)/97.mp4;Простоквашино;1;97;Простоквашино;2018;86764
Простоквашино/Простоквашино (сериал)/99.mp4;Простоквашино;1;99;Простоквашино;2018;86764
Простоквашино/Простоквашино (сериал)/80.mp4;Простоквашино;1;80;Простоквашино;2018;86764
Смешарики/Новый сезон/10.mp4;Смешарики;1;10;Смешарики;2004;6589
Смешарики/Новый сезон/11.mp4;Смешарики;1;11;Смешарики;2004;6589
Смешарики/Новый сезон/12.mp4;Смешарики;1;12;Смешарики;2004;6589
Смешарики/Новый сезон/13.mp4;Смешарики;1;13;Смешарики;2004;6589
Смешарики/Новый сезон/19.mp4;Смешарики;1;19;Смешарики;2004;6589
Смешарики/Новый сезон/15.mp4;Смешарики;1;15;Смешарики;2004;6589
Смешарики/Новый сезон/18.mp4;Смешарики;1;18;Смешарики;2004;6589
Смешарики/Новый сезон/17.mp4;Смешарики;1;17;Смешарики;2004;6589
Смешарики/Новый сезон/23.mp4;Смешарики;1;23;Смешарики;2004;6589
Смешарики/Новый сезон/20.mp4;Смешарики;1;20;Смешарики;2004;6589
Смешарики/Новый сезон/21.mp4;Смешарики;1;21;Смешарики;2004;6589
Смешарики/Новый сезон/22.mp4;Смешарики;1;22;Смешарики;2004;6589
Смешарики/Новый сезон/28.mp4;Смешарики;1;28;Смешарики;2004;6589
Смешарики/Новый сезон/16.mp4;Смешарики;1;16;Смешарики;2004;6589
Смешарики/Новый сезон/14.mp4;Смешарики;1;14;Смешарики;2004;6589
Смешарики/Новый сезон/2.mp4;Смешарики;1;2;Смешарики;2004;6589
Смешарики/Новый сезон/1.mp4;Смешарики;1;1;Смешарики;2004;6589
Смешарики/Новый сезон/30.mp4;Смешарики;1;30;Смешарики;2004;6589
Смешарики/Новый сезон/24.mp4;Смешарики;1;24;Смешарики;2004;6589
Смешарики/Новый сезон/31.mp4;Смешарики;1;31;Смешарики;2004;6589
Смешарики/Новый сезон/32.mp4;Смешарики;1;32;Смешарики;2004;6589
Смешарики/Новый сезон/34.mp4;Смешарики;1;34;Смешарики;2004;6589
Смешарики/Новый сезон/33.mp4;Смешарики;1;33;Смешарики;2004;6589
Смешарики/Новый сезон/35.mp4;Смешарики;1;35;Смешарики;2004;6589
Смешарики/Новый сезон/25.mp4;Смешарики;1;25;Смешарики;2004;6589
Смешарики/Новый сезон/37.mp4;Смешарики;1;37;Смешарики;2004;6589
Смешарики/Новый сезон/36.mp4;Смешарики;1;36;Смешарики;2004;6589
Смешарики/Новый сезон/38.mp4;Смешарики;1;38;Смешарики;2004;6589
Смешарики/Новый сезон/27.mp4;Смешарики;1;27;Смешарики;2004;6589
Смешарики/Новый сезон/29.mp4;Смешарики;1;29;Смешарики;2004;6589
Смешарики/Новый сезон/39.mp4;Смешарики;1;39;Смешарики;2004;6589
Смешарики/Новый сезон/43.mp4;Смешарики;1;43;Смешарики;2004;6589
Смешарики/Новый сезон/3.mp4;Смешарики;1;3;Смешарики;2004;6589
Смешарики/Новый сезон/42.mp4;Смешарики;1;42;Смешарики;2004;6589
Смешарики/Новый сезон/40.mp4;Смешарики;1;40;Смешарики;2004;6589
Смешарики/Новый сезон/41.mp4;Смешарики;1;41;Смешарики;2004;6589
Смешарики/Новый сезон/44.mp4;Смешарики;1;44;Смешарики;2004;6589
Смешарики/Новый сезон/48.mp4;Смешарики;1;48;Смешарики;2004;6589
Смешарики/Новый сезон/46.mp4;Смешарики;1;46;Смешарики;2004;6589
Смешарики/Новый сезон/49.mp4;Смешарики;1;49;Смешарики;2004;6589
Смешарики/Новый сезон/45.mp4;Смешарики;1;45;Смешарики;2004;6589
Смешарики/Новый сезон/47.mp4;Смешарики;1;47;Смешарики;2004;6589
Смешарики/Новый сезон/4.mp4;Смешарики;1;4;Смешарики;2004;6589
Смешарики/Новый сезон/26.mp4;Смешарики;1;26;Смешарики;2004;6589
Смешарики/Новый сезон/50.mp4;Смешарики;1;50;Смешарики;2004;6589
Смешарики/Новый сезон/52.mp4;Смешарики;1;52;Смешарики;2004;6589
Смешарики/Новый сезон/54.mp4;Смешарики;1;54;Смешарики;2004;6589
Смешарики/Новый сезон/55.mp4;Смешарики;1;55;Смешарики;2004;6589
Смешарики/Новый сезон/53.mp4;Смешарики;1;53;Смешарики;2004;6589
Смешарики/Новый сезон/56.mp4;Смешарики;1;56;Смешарики;2004;6589
Смешарики/Новый сезон/57.mp4;Смешарики;1;57;Смешарики;2004;6589
Смешарики/Новый сезон/58.mp4;Смешарики;1;58;Смешарики;2004;6589
Смешарики/Новый сезон/59.mp4;Смешарики;1;59;Смешарики;2004;6589
Смешарики/Новый сезон/60.mp4;Смешарики;1;60;Смешарики;2004;6589
Смешарики/Новый сезон/62.mp4;Смешарики;1;62;Смешарики;2004;6589
Смешарики/Новый сезон/61.mp4;Смешарики;1;61;Смешарики;2004;6589
Смешарики/Новый сезон/51.mp4;Смешарики;1;51;Смешарики;2004;6589
Смешарики/Новый сезон/63.mp4;Смешарики;1;63;Смешарики;2004;6589
Смешарики/Новый сезон/5.mp4;Смешарики;1;5;Смешарики;2004;6589
Смешарики/Новый сезон/6.mp4;Смешарики;1;6;Смешарики;2004;6589
Смешарики/Новый сезон/70.mp4;Смешарики;1;70;Смешарики;2004;6589
Смешарики/Новый сезон/67.mp4;Смешарики;1;67;Смешарики;2004;6589
Смешарики/Новый сезон/65.mp4;Смешарики;1;65;Смешарики;2004;6589
Смешарики/Новый сезон/71.mp4;Смешарики;1;71;Смешарики;2004;6589
Смешарики/Новый сезон/75.mp4;Смешарики;1;75;Смешарики;2004;6589
Смешарики/Новый сезон/69.mp4;Смешарики;1;69;Смешарики;2004;6589
Смешарики/Новый сезон/68.mp4;Смешарики;1;68;Смешарики;2004;6589
Смешарики/Новый сезон/64.mp4;Смешарики;1;64;Смешарики;2004;6589
Смешарики/Новый сезон/66.mp4;Смешарики;1;66;Смешарики;2004;6589
Смешарики/Новый сезон/77.mp4;Смешарики;1;77;Смешарики;2004;6589
Смешарики/Новый сезон/72.mp4;Смешарики;1;72;Смешарики;2004;6589
Смешарики/Новый сезон/78.mp4;Смешарики;1;78;Смешарики;2004;6589
Смешарики/Новый сезон/79.mp4;Смешарики;1;79;Смешарики;2004;6589
Смешарики/Новый сезон/73.mp4;Смешарики;1;73;Смешарики;2004;6589
Смешарики/Новый сезон/74.mp4;Смешарики;1;74;Смешарики;2004;6589
Смешарики/Новый сезон/80.mp4;Смешарики;1;80;Смешарики;2004;6589
Смешарики/Новый сезон/82.mp4;Смешарики;1;82;Смешарики;2004;6589
Смешарики/Новый сезон/83.mp4;Смешарики;1;83;Смешарики;2004;6589
Смешарики/Новый сезон/81.mp4;Смешарики;1;81;Смешарики;2004;6589
Смешарики/Новый сезон/76.mp4;Смешарики;1;76;Смешарики;2004;6589
Смешарики/Новый сезон/84.mp4;Смешарики;1;84;Смешарики;2004;6589
Смешарики/Новый сезон/86.mp4;Смешарики;1;86;Смешарики;2004;6589
Смешарики/Новый сезон/89.mp4;Смешарики;1;89;Смешарики;2004;6589
Смешарики/Новый сезон/87.mp4;Смешарики;1;87;Смешарики;2004;6589
Смешарики/Новый сезон/88.mp4;Смешарики;1;88;Смешарики;2004;6589
Смешарики/Новый сезон/85.mp4;Смешарики;1;85;Смешарики;2004;6589
Смешарики/Новый сезон/8.mp4;Смешарики;1;8;Смешарики;2004;6589
Смешарики/Новый сезон/90.mp4;Смешарики;1;90;Смешарики;2004;6589
Смешарики/Новый сезон/9.mp4;Смешарики;1;9;Смешарики;2004;6589
Смешарики/Новый сезон/7.mp4;Смешарики;1;7;Смешарики;2004;6589
Ну погоди/10.mp4;Ну, погоди!;1;10;Ну, погоди!;1969;6138
Ну погоди/13.mp4;Ну, погоди!;1;13;Ну, погоди!;1969;6138
Ну погоди/14.mp4;Ну, погоди!;1;14;Ну, погоди!;1969;6138
Ну погоди/17.mp4;Ну, погоди!;1;17;Ну, погоди!;1969;6138
Ну погоди/16.mp4;Ну, погоди!;1;16;Ну, погоди!;1969;6138
Ну погоди/18.mp4;Ну, погоди!;1;18;Ну, погоди!;1969;6138
Ну погоди/12.mp4;Ну, погоди!;1;12;Ну, погоди!;1969;6138
Ну погоди/20.mp4;Ну, погоди!;1;20;Ну, погоди!;1969;6138
Ну погоди/3.mp4;Ну, погоди!;1;3;Ну, погоди!;1969;6138
Ну погоди/11.mp4;Ну, погоди!;1;11;Ну, погоди!;1969;6138
Ну погоди/4.mp4;Ну, погоди!;1;4;Ну, погоди!;1969;6138
Ну погоди/1.mp4;Ну, погоди!;1;1;Ну, погоди!;1969;6138
Ну погоди/5.mp4;Ну, погоди!;1;5;Ну, погоди!;1969;6138
Ну погоди/6.mp4;Ну, погоди!;1;6;Ну, погоди!;1969;6138
Ну погоди/7.mp4;Ну, погоди!;1;7;Ну, погоди!;1969;6138
Ну погоди/9.mp4;Ну, погоди!;1;9;Ну, погоди!;1969;6138
Ну погоди/8.mp4;Ну, погоди!;1;8;Ну, погоди!;1969;6138
Ну погоди/19.mp4;Ну, погоди!;1;19;Ну, погоди!;1969;6138
Ну погоди/15.mp4;Ну, погоди!;1;15;Ну, погоди!;1969;6138
Ну погоди/2.mp4;Ну, погоди!;1;2;Ну, погоди!;1969;6138
Незнайка/10.mp4;Незнайка;1;10;Незнайка в Солнечном городе;1977;83637
Незнайка/11.mp4;Незнайка;1;11;Незнайка в Солнечном городе;1977;83637
Незнайка/12.mp4;Незнайка;1;12;Незнайка в Солнечном городе;1977;83637
Незнайка/4.mp4;Незнайка;1;4;Незнайка в Солнечном городе;1977;83637
Незнайка/5.mp4;Незнайка;1;5;Незнайка в Солнечном городе;1977;83637
Незнайка/6.mp4;Незнайка;1;6;Незнайка в Солнечном городе;1977;83637
Незнайка/3.mp4;Незнайка;1;3;Незнайка в Солнечном городе;1977;83637
Незнайка/2.mp4;Незнайка;1;2;Незнайка в Солнечном городе;1977;83637
Незнайка/1.mp4;Незнайка;1;1;Незнайка в Солнечном городе;1977;83637
Незнайка/9.mp4;Незнайка;1;9;Незнайка в Солнечном городе;1977;83637
Незнайка/7.mp4;Незнайка;1;7;Незнайка в Солнечном городе;1977;83637
Незнайка/8.mp4;Незнайка;1;8;Незнайка в Солнечном городе;1977;83637
Корпорация монстров/Монстры за работой/10.mp4;Монстры за работой;1;10;Монстры за работой;2021;90461
Корпорация монстров/Монстры за работой/8.mp4;Монстры за работой;1;8;Монстры за работой;2021;90461
Корпорация монстров/Монстры за работой/6.mp4;Монстры за работой;1;6;Монстры за работой;2021;90461
Корпорация монстров/Монстры за работой/7.mp4;Монстры за работой;1;7;Монстры за работой;2021;90461
Корпорация монстров/Монстры за работой/2.mp4;Монстры за работой;1;2;Монстры за работой;2021;90461
Корпорация монстров/Монстры за работой/9.mp4;Монстры за работой;1;9;Монстры за работой;2021;90461
Корпорация монстров/Монстры за работой/4.mp4;Монстры за работой;1;4;Монстры за работой;2021;90461
Котенок гав/1.mp4;Котенок по имени Гав;1;1;;;
Котенок гав/2.mp4;Котенок по имени Гав;1;2;;;
Котенок гав/3.mp4;Котенок по имени Гав;1;3;;;
Котенок гав/4.mp4;Котенок по имени Гав;1;4;;;
Котенок гав/5.mp4;Котенок по имени Гав;1;5;;;
Леди-Баг/Сезон 2/0.mp4;Леди Баг и Супер-Кот;2;0;Леди Баг и Супер-кот;2015;65334
